-- phpMyAdmin SQL Dump
-- version 5.2.1
-- https://www.phpmyadmin.net/
--
-- Host: 127.0.0.1
-- Generation Time: Nov 01, 2025 at 07:45 AM
-- Server version: 10.4.32-MariaDB
-- PHP Version: 8.2.12

SET SQL_MODE = "NO_AUTO_VALUE_ON_ZERO";
START TRANSACTION;
SET time_zone = "+00:00";


/*!40101 SET @OLD_CHARACTER_SET_CLIENT=@@CHARACTER_SET_CLIENT */;
/*!40101 SET @OLD_CHARACTER_SET_RESULTS=@@CHARACTER_SET_RESULTS */;
/*!40101 SET @OLD_COLLATION_CONNECTION=@@COLLATION_CONNECTION */;
/*!40101 SET NAMES utf8mb4 */;

--
-- Database: `dbcaiwl`
--

-- --------------------------------------------------------

--
-- Table structure for table `tblautonumbers`
--

CREATE TABLE `tblautonumbers` (
  `AUTOID` int(11) NOT NULL,
  `AUTOSTART` varchar(30) NOT NULL,
  `AUTOEND` int(11) NOT NULL,
  `AUTOINC` int(11) NOT NULL,
  `AUTOKEY` varchar(30) NOT NULL
) ENGINE=InnoDB DEFAULT CHARSET=latin1 COLLATE=latin1_swedish_ci;

-- --------------------------------------------------------

--
-- Table structure for table `tblcategories`
--

CREATE TABLE `tblcategories` (
  `CategoryID` int(11) NOT NULL,
  `CategoryName` varchar(100) NOT NULL,
  `CategoryDescription` text DEFAULT NULL,
  `CreatedAt` datetime DEFAULT current_timestamp(),
  `IsActive` tinyint(1) DEFAULT 1
) ENGINE=InnoDB DEFAULT CHARSET=utf8mb4 COLLATE=utf8mb4_general_ci;

--
-- Dumping data for table `tblcategories`
--

INSERT INTO `tblcategories` (`CategoryID`, `CategoryName`, `CategoryDescription`, `CreatedAt`, `IsActive`) VALUES
(1, 'Technology', 'Câu hỏi về công nghệ thông tin, lập trình, AI', '2025-10-25 04:37:26', 1),
(2, 'Science', 'Câu hỏi về khoa học tự nhiên, vật lý, hóa học', '2025-10-25 04:37:26', 1),
(3, 'Mathematics', 'Câu hỏi về toán học các cấp độ', '2025-10-25 04:37:26', 1),
(4, 'Business', 'Câu hỏi về kinh doanh, quản lý, marketing', '2025-10-25 04:37:26', 1),
(5, 'Language', 'Câu hỏi về ngôn ngữ, văn học, ngoại ngữ', '2025-10-25 04:37:26', 1),
(6, 'Coding', NULL, '2025-10-26 08:32:34', 1);

-- --------------------------------------------------------

--
-- Table structure for table `tblcontent`
--

CREATE TABLE `tblcontent` (
  `ContentID` int(11) NOT NULL,
  `Title` varchar(255) NOT NULL,
  `Topic` varchar(255) DEFAULT '',
  `Body` mediumtext NOT NULL,
  `CreatedAt` datetime NOT NULL
) ENGINE=InnoDB DEFAULT CHARSET=utf8mb4 COLLATE=utf8mb4_general_ci;

--
-- Dumping data for table `tblcontent`
--

INSERT INTO `tblcontent` (`ContentID`, `Title`, `Topic`, `Body`, `CreatedAt`) VALUES
(2, 'Laravel', 'Controller', 'In the Model-View-Controller (MVC) architectural pattern, what is the primary responsibility of the Controller?\r\n\r\nA. Handling user input and updating the Model and/or View accordingly.\r\nB. Storing and managing the application\'s data.\r\nC. Presenting the data to the user in a specific format.\r\nD. Defining the application\'s business logic.', '2025-10-25 19:25:20'),
(3, 'Laravel', 'Controller', 'Which of the following Markdown formatting choices is MOST appropriate for emphasizing key concepts within a comprehensive lesson about Controllers, as instructed?\r\n\r\n## Key Points\r\n- Using **bold** text for important terms and bullet points for key concepts.\r\n- Using `inline code` for all important terms and numbered lists for key concepts.\r\n- Using *italics* for important terms and blockquotes for key concepts.\r\n- Using headings (##) for important terms and tables for key concepts.', '2025-10-26 14:15:23'),
(4, 'Big Data', 'Big Data', '# Big Data\r\n\r\n## Introduction\r\n\r\nIn today\'s digital age, we generate an unprecedented amount of data every second. This data comes from diverse sources, including social media interactions, sensor networks, e-commerce transactions, and scientific research. The sheer volume, velocity, and variety of this data present unique challenges and opportunities. This is where **Big Data** comes into play. Big Data is not simply about having a lot of data; it\'s about the *ability* to process and analyze large, complex datasets to extract valuable insights that can drive better decision-making, improve efficiency, and create new business opportunities.\r\n\r\nThink about it: every time you search on Google, make a purchase on Amazon, or post on Facebook, you contribute to the vast ocean of Big Data. Companies and organizations are increasingly leveraging Big Data technologies to understand customer behavior, optimize operations, predict trends, and develop innovative products and services. Mastering the concepts of Big Data is becoming crucial for professionals across various industries, from business and marketing to science and engineering.\r\n\r\n## Key Concepts\r\n\r\n*   **Volume:** Refers to the *sheer amount* of data being generated. Big Data datasets are often too large to be processed using traditional database management systems. Think terabytes, petabytes, or even exabytes of data.\r\n\r\n*   **Velocity:** Represents the *speed* at which data is being generated and processed. Real-time or near real-time data processing is often required to capture timely insights. Examples include streaming data from sensors or social media feeds.\r\n\r\n*   **Variety:** Encompasses the *different types* of data being generated. This includes structured data (e.g., data in relational databases), semi-structured data (e.g., XML, JSON), and unstructured data (e.g., text, images, videos).\r\n\r\n*   **Veracity:** Deals with the *accuracy and reliability* of the data. Big Data often comes from diverse sources, and the quality of the data can vary significantly. Data cleansing and validation are essential to ensure the insights derived are accurate.\r\n\r\n*   **Value:** Represents the *usefulness and worth* of the data. Ultimately, the goal of Big Data analytics is to extract valuable insights that can be used to improve business outcomes or solve complex problems.\r\n\r\n*   **Complexity:** Captures the *difficulty* in managing and analyzing the interconnected data from different sources. This involves data integration, transformation, and analysis using advanced techniques.\r\n\r\n## Main Content\r\n\r\n### Section 1: Technologies and Tools for Big Data\r\n\r\nHandling Big Data requires specialized technologies and tools designed to manage and process large, complex datasets efficiently. Here are some key technologies:\r\n\r\n*   **Hadoop:** An open-source distributed processing framework that allows for the storage and processing of large datasets across clusters of commodity hardware. Hadoop\'s core components include the Hadoop Distributed File System (HDFS) for storage and MapReduce for parallel processing.\r\n\r\n*   **Spark:** Another open-source, distributed processing framework that is faster than MapReduce for many workloads. Spark uses in-memory processing and supports a wide range of programming languages, including Python, Java, and Scala.\r\n\r\n*   **NoSQL Databases:** Non-relational databases designed to handle unstructured and semi-structured data. Examples include MongoDB, Cassandra, and HBase. These databases offer scalability and flexibility compared to traditional relational databases.\r\n\r\n*   **Cloud Computing:** Cloud platforms such as Amazon Web Services (AWS), Microsoft Azure, and Google Cloud Platform (GCP) provide on-demand access to computing resources, storage, and Big Data analytics services.\r\n\r\n*   **Data Warehouses:** Centralized repositories for storing structured data from various sources. Data warehouses are optimized for analytical queries and reporting. Examples include Snowflake, Amazon Redshift, and Google BigQuery.\r\n\r\n### Section 2: Big Data Analytics Techniques\r\n\r\nAnalyzing Big Data involves applying various techniques to extract meaningful insights. Some common techniques include:\r\n\r\n*   **Data Mining:** Discovering patterns and relationships in large datasets using algorithms such as clustering, classification, and association rule mining.\r\n\r\n*   **Machine Learning:** Building predictive models based on data. Machine learning algorithms can be used for tasks such as fraud detection, recommendation systems, and predictive maintenance.\r\n\r\n*   **Natural Language Processing (NLP):** Analyzing and understanding human language. NLP techniques can be used to extract information from text data, perform sentiment analysis, and build chatbots.\r\n\r\n*   **Statistical Analysis:** Applying statistical methods to analyze data and draw inferences. This includes techniques such as regression analysis, hypothesis testing, and time series analysis.\r\n\r\n*   **Data Visualization:** Creating visual representations of data to communicate insights effectively. Tools like Tableau, Power BI, and Python libraries like Matplotlib and Seaborn are used for data visualization.\r\n\r\n### Section 3: Big Data Applications in Different Industries\r\n\r\nBig Data is transforming various industries by enabling better decision-making and innovation. Here are some examples:\r\n\r\n*   **Healthcare:** Analyzing patient data to improve diagnosis, treatment, and preventative care. This includes predicting disease outbreaks, personalizing treatment plans, and optimizing hospital operations.\r\n\r\n*   **Retail:** Understanding customer behavior to improve marketing campaigns, optimize pricing, and personalize product recommendations. Analyzing transaction data, social media activity, and browsing history.\r\n\r\n*   **Finance:** Detecting fraud, managing risk, and optimizing trading strategies. Analyzing financial transactions, market data, and news articles.\r\n\r\n*   **Manufacturing:** Optimizing production processes, predicting equipment failures, and improving product quality. Analyzing sensor data from machines, production data, and supply chain data.\r\n\r\n*   **Transportation:** Optimizing routes, predicting traffic patterns, and improving logistics. Analyzing GPS data, weather data, and traffic sensor data.\r\n\r\n## Practical Examples\r\nImagine an e-commerce company like Amazon. They use Big Data to:\r\n\r\n*   **Personalize Recommendations:** Analyze past purchases and browsing history to suggest products a user might be interested in.\r\n    ```python\r\n    # Simplified example of collaborative filtering for product recommendations\r\n    def recommend_products(user_id, purchase_history, product_similarity):\r\n        recommendations = []\r\n        for product in product_similarity:\r\n            if product not in purchase_history[user_id]:\r\n                recommendations.append(product)\r\n        return recommendations[:5] # Return top 5 recommendations\r\n    ```\r\n*   **Optimize Inventory:** Predict demand for different products to ensure optimal stock levels in warehouses.\r\n*   **Detect Fraud:** Analyze transaction patterns to identify and prevent fraudulent activities.\r\n\r\n## Best Practices\r\n\r\n-   **Define Clear Objectives:** Before embarking on a Big Data project, clearly define the business objectives and identify the specific questions you want to answer.\r\n-   **Ensure Data Quality:** Invest in data cleansing and validation processes to ensure the accuracy and reliability of the data.\r\n-   **Choose the Right Tools:** Select the appropriate technologies and tools based on the specific requirements of your project.\r\n-   **Prioritize Data Security and Privacy:** Implement robust security measures to protect sensitive data and comply with privacy regulations.\r\n-   **Embrace Iterative Development:** Adopt an iterative development approach, starting with small pilot projects and gradually scaling up as you gain experience.\r\n-   **Foster Collaboration:** Encourage collaboration between data scientists, business analysts, and IT professionals to ensure that the insights derived from Big Data are effectively translated into business actions.\r\n-   **Continuously Monitor and Evaluate:** Regularly monitor the performance of your Big Data systems and evaluate the effectiveness of your analytics efforts.\r\n\r\n## Common Mistakes to Avoid\r\n\r\n-   **Focusing on Technology Over Business Value:** Don\'t get caught up in the hype surrounding Big Data technologies. Always focus on delivering tangible business value. Avoid implementing technology for technology\'s sake.\r\n-   **Ignoring Data Governance:** Neglecting data governance can lead to inconsistencies, inaccuracies, and compliance issues. Establish clear data governance policies and procedures.\r\n-   **Underestimating Data Integration Challenges:** Integrating data from diverse sources can be complex and time-consuming. Plan for data integration challenges upfront and allocate sufficient resources.\r\n-   **Lack of Skills and Expertise:** Big Data analytics requires specialized skills and expertise. Invest in training and development to ensure that your team has the necessary skills.\r\n\r\n## Summary\r\n\r\nBig Data has become an integral part of modern business and scientific endeavors. By understanding the core concepts of volume, velocity, variety, veracity, and value, organizations can unlock the potential of their data to gain a competitive advantage, improve efficiency, and drive innovation. The technologies and techniques used to manage and analyze Big Data are constantly evolving, making it essential to stay abreast of the latest trends and best practices.\r\n\r\nSuccessfully leveraging Big Data requires a holistic approach that encompasses data governance, data quality, skills development, and a clear focus on business value. By avoiding common pitfalls and embracing best practices, organizations can harness the power of Big Data to achieve their strategic goals and create a brighter future.\r\n\r\n## Further Reading\r\n\r\n*   **Data Mining Techniques:** Explore various data mining algorithms and their applications in different domains.\r\n*   **Machine Learning Algorithms:** Dive deeper into the world of machine learning, covering different types of algorithms and their use cases.\r\n*   **Cloud Computing for Big Data:** Learn about the benefits and challenges of using cloud platforms for Big Data analytics.\r\n*   **Data Governance and Privacy:** Understand the importance of data governance and privacy in the context of Big Data.', '2025-10-26 15:08:23'),
(5, 'Laravel', 'Controller', '# Controller\r\n\r\n## บทนำ\r\n\r\nในโลกของการพัฒนาซอฟต์แวร์ โดยเฉพาะอย่างยิ่งการสร้างแอปพลิเคชันขนาดใหญ่และซับซ้อน **Controller** คือหัวใจสำคัญที่เชื่อมโยงส่วนต่างๆ ของระบบเข้าด้วยกัน มันเป็นเหมือน “ผู้ควบคุมวงออเคสตรา” ที่คอยสั่งการให้เครื่องดนตรีแต่ละชิ้น (หรือส่วนประกอบของแอปพลิเคชัน) เล่นในจังหวะที่ถูกต้อง เพื่อให้ได้บทเพลงที่ไพเราะ (หรือแอปพลิเคชันที่ทำงานได้อย่างราบรื่น)\r\n\r\nController ไม่ได้จำกัดอยู่แค่การพัฒนาเว็บแอปพลิเคชันเท่านั้น แต่ยังมีความสำคัญในด้านต่างๆ เช่น การพัฒนาเกม การควบคุมหุ่นยนต์ หรือแม้แต่ในระบบอัตโนมัติต่างๆ โดยหน้าที่หลักของ Controller คือการรับคำสั่งหรือข้อมูลจากผู้ใช้ (หรือจากส่วนอื่นๆ ของระบบ), ประมวลผลข้อมูลเหล่านั้น, และส่งต่อไปยังส่วนที่เกี่ยวข้องเพื่อดำเนินการต่อ การทำความเข้าใจ Controller อย่างลึกซึ้งจึงเป็นสิ่งจำเป็นสำหรับนักพัฒนาซอฟต์แวร์ทุกคนที่ต้องการสร้างระบบที่มีประสิทธิภาพและง่ายต่อการบำรุงรักษา\r\n\r\n## แนวคิดหลัก\r\n\r\n*   **หน้าที่หลัก:** Controller ทำหน้าที่เป็นตัวกลางระหว่าง **Model** (ส่วนที่จัดการข้อมูล) และ **View** (ส่วนที่แสดงผลข้อมูล) ในสถาปัตยกรรม **MVC (Model-View-Controller)** หรือรูปแบบสถาปัตยกรรมอื่นๆ ที่คล้ายคลึงกัน\r\n*   **การรับคำขอ:** Controller รับคำขอ (Requests) จากผู้ใช้ผ่านทาง View (เช่น การคลิกปุ่ม, การส่งฟอร์ม) หรือจากส่วนอื่นๆ ของระบบ\r\n*   **การประมวลผล:** Controller ประมวลผลคำขอ, อาจมีการตรวจสอบความถูกต้องของข้อมูล, ดึงข้อมูลจาก Model, หรือทำการเปลี่ยนแปลงข้อมูลใน Model\r\n*   **การตอบสนอง:** หลังจากประมวลผลแล้ว Controller จะส่งข้อมูลไปยัง View เพื่อแสดงผลให้ผู้ใช้เห็น หรืออาจทำการเปลี่ยนเส้นทางการทำงาน (Redirect) ไปยังหน้าอื่น\r\n*   **การแยกส่วน:** Controller ช่วยแยกส่วนการทำงานของแอปพลิเคชัน ทำให้โค้ดมีความชัดเจน, ง่ายต่อการแก้ไข, และง่ายต่อการทดสอบ\r\n\r\n## เนื้อหาหลัก\r\n\r\n### Section 1: บทบาทของ Controller ในสถาปัตยกรรม MVC\r\n\r\nMVC เป็นรูปแบบสถาปัตยกรรมที่ได้รับความนิยมอย่างมากในการพัฒนาเว็บแอปพลิเคชัน และ Controller คือหนึ่งในองค์ประกอบหลักของ MVC ที่มีหน้าที่สำคัญดังนี้:\r\n\r\n*   **เชื่อมโยง Model และ View:** Controller เป็นตัวกลางที่เชื่อมต่อ Model (ซึ่งเป็นส่วนที่จัดการข้อมูลของแอปพลิเคชัน เช่น ฐานข้อมูล) และ View (ซึ่งเป็นส่วนที่แสดงผลข้อมูลให้ผู้ใช้เห็น) โดย Controller จะดึงข้อมูลจาก Model และส่งต่อไปยัง View เพื่อแสดงผล\r\n*   **จัดการ Request:** เมื่อผู้ใช้ส่ง Request มายังแอปพลิเคชัน (เช่น การคลิกปุ่ม, การส่งฟอร์ม) Controller จะเป็นผู้รับ Request นั้น และทำการประมวลผล\r\n*   **ควบคุมการทำงาน:** Controller ควบคุมการทำงานของแอปพลิเคชัน โดยจะตัดสินใจว่าจะต้องทำอะไรต่อไปหลังจากได้รับ Request มา เช่น การดึงข้อมูลจาก Model, การเปลี่ยนแปลงข้อมูลใน Model, หรือการส่งข้อมูลไปยัง View เพื่อแสดงผล\r\n*   **ตัวอย่าง:** สมมติว่าผู้ใช้ต้องการดูรายละเอียดของสินค้าชิ้นหนึ่งในร้านค้าออนไลน์ เมื่อผู้ใช้คลิกที่สินค้า Controller จะรับ Request นี้, ดึงข้อมูลสินค้าจาก Model (เช่น ฐานข้อมูล), และส่งข้อมูลสินค้าไปยัง View เพื่อแสดงผลให้ผู้ใช้เห็น\r\n\r\n### Section 2: ประเภทของ Controller และรูปแบบการใช้งาน\r\n\r\nController มีหลายประเภทและรูปแบบการใช้งาน ขึ้นอยู่กับภาษาโปรแกรมและเฟรมเวิร์กที่ใช้ ตัวอย่างเช่น:\r\n\r\n*   **RESTful Controller:** ใช้สำหรับสร้าง API (Application Programming Interface) ที่สอดคล้องกับหลักการ REST (Representational State Transfer) โดยแต่ละ Endpoint ของ API จะถูก mapped ไปยัง Method ใน Controller\r\n*   **Resource Controller:** เป็น Controller ที่จัดการทรัพยากร (Resource) เช่น สินค้า, ผู้ใช้, บทความ โดยจะมี Method ที่สอดคล้องกับการดำเนินการต่างๆ บนทรัพยากรนั้นๆ (เช่น สร้าง, อ่าน, แก้ไข, ลบ)\r\n*   **Front Controller:** เป็น Controller เดียวที่รับ Request ทั้งหมดที่เข้ามายังแอปพลิเคชัน และกระจาย Request ไปยัง Controller อื่นๆ ที่เหมาะสม\r\n*   **ตัวอย่าง:** ใน Laravel Framework, Controller สามารถสร้างได้ง่ายๆ ด้วยคำสั่ง `php artisan make:controller ProductController` ซึ่งจะสร้างไฟล์ `ProductController.php` ที่มีโครงสร้างพื้นฐานสำหรับการจัดการสินค้า\r\n\r\n### Section 3: การจัดการ Request และ Response ใน Controller\r\n\r\nการจัดการ Request และ Response เป็นส่วนสำคัญของการทำงานของ Controller โดย Controller จะต้องสามารถรับ Request จากผู้ใช้, ประมวลผล Request นั้น, และส่ง Response กลับไปยังผู้ใช้\r\n\r\n*   **Request:** Request ประกอบด้วยข้อมูลต่างๆ ที่ผู้ใช้ส่งมายังแอปพลิเคชัน เช่น ข้อมูลจากฟอร์ม, Parameters ใน URL, Headers ของ HTTP Request\r\n*   **Response:** Response คือข้อมูลที่ Controller ส่งกลับไปยังผู้ใช้ เช่น HTML code สำหรับแสดงผลหน้าเว็บ, JSON data สำหรับ API, หรือ HTTP status code\r\n*   **Middleware:** Middleware เป็นส่วนประกอบที่สามารถ intercept Request ก่อนที่จะถึง Controller และทำการประมวลผลบางอย่าง เช่น การตรวจสอบ authentication, การตรวจสอบ authorization, หรือการ logging\r\n*   **ตัวอย่าง:** ใน Spring Framework, Controller สามารถรับ Request parameters ได้โดยใช้ annotation `@RequestParam` และส่ง Response กลับไปยังผู้ใช้โดยใช้ `ModelAndView` object\r\n\r\n## ตัวอย่างเชิงปฏิบัติ\r\n\r\n```php\r\n// ตัวอย่าง Controller ใน Laravel Framework\r\nnamespace App\\Http\\Controllers;\r\n\r\nuse App\\Models\\Product;\r\nuse Illuminate\\Http\\Request;\r\n\r\nclass ProductController extends Controller\r\n{\r\n    public function index()\r\n    {\r\n        $products = Product::all();\r\n        return view(\'products.index\', compact(\'products\'));\r\n    }\r\n\r\n    public function show($id)\r\n    {\r\n        $product = Product::findOrFail($id);\r\n        return view(\'products.show\', compact(\'product\'));\r\n    }\r\n\r\n    public function create()\r\n    {\r\n        return view(\'products.create\');\r\n    }\r\n\r\n    public function store(Request $request)\r\n    {\r\n        $validatedData = $request->validate([\r\n            \'name\' => \'required|max:255\',\r\n            \'description\' => \'required\',\r\n            \'price\' => \'required|numeric\',\r\n        ]);\r\n\r\n        $product = Product::create($validatedData);\r\n\r\n        return redirect()->route(\'products.show\', $product->id);\r\n    }\r\n}\r\n```\r\n\r\n## แนวทางปฏิบัติที่ดี\r\n\r\n*   **Keep it Simple:** Controller ควรมีหน้าที่เฉพาะเจาะจง และหลีกเลี่ยงการเขียนโค้ดที่ซับซ้อนเกินไป หาก Logic ซับซ้อน ควรแยกไปไว้ใน Service Layer\r\n*   **Thin Controller, Fat Model:** Logic ส่วนใหญ่ควรอยู่ใน Model ไม่ใช่ Controller Controller ควรทำหน้าที่แค่รับ Request, ประมวลผล, และส่งต่อให้ Model\r\n*   **Use Dependency Injection:** ใช้ Dependency Injection เพื่อให้ Controller สามารถทดสอบได้ง่าย และลดการพึ่งพา (Coupling) กับส่วนอื่นๆ ของระบบ\r\n*   **Validate Input:** ตรวจสอบความถูกต้องของข้อมูลที่รับมาจากผู้ใช้เสมอ เพื่อป้องกันการเกิดข้อผิดพลาด และความปลอดภัยของระบบ\r\n*   **Handle Exceptions:** จัดการ Exceptions อย่างเหมาะสม เพื่อป้องกันไม่ให้แอปพลิเคชันหยุดทำงานโดยไม่คาดคิด\r\n*   **Use Resource Controllers:** หากจัดการกับทรัพยากร (Resource) ให้ใช้ Resource Controllers เพื่อความสะดวกและเป็นระเบียบ\r\n*   **Document Your Code:** เขียน Comment อธิบายการทำงานของ Controller เพื่อให้ง่ายต่อการบำรุงรักษาในอนาคต\r\n\r\n## ข้อผิดพลาดที่ควรหลีกเลี่ยง\r\n\r\n*   **Overly Complex Controllers:** หลีกเลี่ยงการเขียนโค้ดที่ซับซ้อนเกินไปใน Controller หาก Logic ซับซ้อน ควรแยกไปไว้ใน Service Layer หรือ Model\r\n*   **Ignoring Validation:** การไม่ตรวจสอบความถูกต้องของข้อมูลที่รับมาจากผู้ใช้ อาจนำไปสู่ปัญหาด้านความปลอดภัย และการทำงานที่ไม่ถูกต้องของแอปพลิเคชัน\r\n*   **Direct Database Access:** หลีกเลี่ยงการเข้าถึงฐานข้อมูลโดยตรงใน Controller ควรใช้ Model เพื่อจัดการข้อมูล\r\n*   **Lack of Error Handling:** การไม่จัดการ Exceptions อาจทำให้แอปพลิเคชันหยุดทำงานโดยไม่คาดคิด และทำให้ผู้ใช้ได้รับประสบการณ์ที่ไม่ดี\r\n*   **Not Using Dependency Injection:** การไม่ใช้ Dependency Injection ทำให้ Controller ทดสอบได้ยาก และเพิ่มความซับซ้อนในการบำรุงรักษา\r\n\r\n## สรุป\r\n\r\nController คือหัวใจสำคัญของการพัฒนาแอปพลิเคชัน โดยเฉพาะอย่างยิ่งในสถาปัตยกรรม MVC Controller ทำหน้าที่เป็นตัวกลางระหว่าง Model และ View, รับ Request จากผู้ใช้, ประมวลผล Request นั้น, และส่ง Response กลับไปยังผู้ใช้ การทำความเข้าใจบทบาทของ Controller, ประเภทของ Controller, และการจัดการ Request และ Response เป็นสิ่งจำเป็นสำหรับนักพัฒนาซอฟต์แวร์ทุกคนที่ต้องการสร้างระบบที่มีประสิทธิภาพและง่ายต่อการบำรุงรักษา\r\n\r\nการใช้ Controller อย่างถูกต้องตามหลักการและแนวทางปฏิบัติที่ดี จะช่วยให้โค้ดมีความชัดเจน, ง่ายต่อการแก้ไข, และง่ายต่อการทดสอบ นอกจากนี้ยังช่วยลดความซับซ้อนของระบบ และทำให้แอปพลิเคชันมีความปลอดภัยมากขึ้น การฝึกฝนและเรียนรู้เกี่ยวกับการพัฒนา Controller อย่างต่อเนื่อง จะช่วยให้คุณเป็นนักพัฒนาซอฟต์แวร์ที่มีความสามารถมากยิ่งขึ้น\r\n\r\n## อ่านเพิ่มเติม\r\n\r\n*   **MVC (Model-View-Controller) Architecture:** ศึกษาแนวคิดและหลักการของ MVC อย่างละเอียด\r\n*   **RESTful API Design:** เรียนรู้เกี่ยวกับการออกแบบ API ที่สอดคล้องกับหลักการ REST\r\n*   **Dependency Injection:** ทำความเข้าใจหลักการและประโยชน์ของการใช้ Dependency Injection\r\n*   **Specific Framework Documentation:** ศึกษาเอกสารของเฟรมเวิร์กที่คุณใช้ (เช่น Laravel, Spring, Django) เพื่อเรียนรู้เกี่ยวกับ Controller ในเฟรมเวิร์กนั้นๆ', '2025-10-26 17:00:35'),
(6, 'Big Data', 'Big Data', '# Big Data\r\n\r\n## บทนำ\r\n\r\nในยุคดิจิทัลที่ข้อมูลไหลบ่าเข้ามาอย่างไม่หยุดหย่อน คำว่า **Big Data** กลายเป็นคำคุ้นหูที่เราได้ยินกันอยู่บ่อยครั้ง แต่ Big Data ไม่ได้เป็นเพียงแค่ข้อมูลจำนวนมหาศาลเท่านั้น แต่ยังหมายถึงความสามารถในการจัดการ วิเคราะห์ และนำข้อมูลเหล่านั้นมาใช้ประโยชน์เพื่อขับเคลื่อนธุรกิจ สร้างนวัตกรรม และแก้ไขปัญหาต่างๆ ในสังคม\r\n\r\nBig Data มีความสำคัญอย่างยิ่งต่อองค์กรทุกขนาด ไม่ว่าจะเป็นองค์กรขนาดเล็กที่ต้องการเข้าใจพฤติกรรมลูกค้า หรือองค์กรขนาดใหญ่ที่ต้องการปรับปรุงประสิทธิภาพการดำเนินงาน การวิเคราะห์ Big Data อย่างถูกต้องและแม่นยำสามารถนำไปสู่การตัดสินใจที่ดีขึ้น การลดต้นทุน การเพิ่มรายได้ และการสร้างความได้เปรียบทางการแข่งขันอย่างยั่งยืน\r\n\r\n## แนวคิดหลัก\r\n\r\n*   **ปริมาณ (Volume):** ข้อมูลที่มีขนาดใหญ่มาก เกินกว่าที่เครื่องมือจัดการฐานข้อมูลแบบดั้งเดิมจะสามารถจัดการได้\r\n*   **ความเร็ว (Velocity):** ข้อมูลที่ถูกสร้างและเปลี่ยนแปลงอย่างรวดเร็ว จำเป็นต้องมีระบบที่สามารถประมวลผลข้อมูลได้แบบเรียลไทม์หรือใกล้เคียงเรียลไทม์\r\n*   **ความหลากหลาย (Variety):** ข้อมูลที่มีรูปแบบที่แตกต่างกัน ทั้งข้อมูลที่มีโครงสร้าง (Structured Data) เช่น ข้อมูลในฐานข้อมูล ข้อมูลกึ่งโครงสร้าง (Semi-structured Data) เช่น ข้อมูล JSON หรือ XML และข้อมูลที่ไม่มีโครงสร้าง (Unstructured Data) เช่น ข้อความ รูปภาพ วิดีโอ\r\n*   **ความถูกต้อง (Veracity):** ความน่าเชื่อถือและความถูกต้องของข้อมูล ข้อมูลที่ไม่ถูกต้องหรือไม่สมบูรณ์อาจนำไปสู่การตัดสินใจที่ผิดพลาดได้ *ความถูกต้องของข้อมูลเป็นสิ่งสำคัญอย่างยิ่ง*\r\n*   **คุณค่า (Value):** ความสามารถในการนำข้อมูลมาใช้ประโยชน์เพื่อสร้างคุณค่าให้กับองค์กร ไม่ว่าจะเป็นการเพิ่มรายได้ การลดต้นทุน หรือการปรับปรุงประสิทธิภาพการดำเนินงาน\r\n\r\n## เนื้อหาหลัก\r\n\r\n### Section 1: สถาปัตยกรรมของระบบ Big Data\r\n\r\nสถาปัตยกรรมของระบบ Big Data มักจะประกอบไปด้วยส่วนประกอบหลักๆ ดังนี้:\r\n\r\n*   **แหล่งข้อมูล (Data Sources):** ข้อมูลอาจมาจากหลากหลายแหล่ง เช่น ฐานข้อมูล ระบบ CRM โซเชียลมีเดีย เซ็นเซอร์ IoT หรือไฟล์ log\r\n*   **การจัดเก็บข้อมูล (Data Storage):** ระบบจัดเก็บข้อมูลที่สามารถรองรับข้อมูลขนาดใหญ่และมีความเร็วสูง เช่น Hadoop Distributed File System (HDFS) หรือ Cloud Storage (Amazon S3, Azure Blob Storage, Google Cloud Storage)\r\n*   **การประมวลผลข้อมูล (Data Processing):** เครื่องมือประมวลผลข้อมูลที่สามารถประมวลผลข้อมูลแบบกระจาย (Distributed Processing) เช่น Apache Spark, Apache Hadoop MapReduce หรือ Apache Flink\r\n*   **การวิเคราะห์ข้อมูล (Data Analytics):** เครื่องมือวิเคราะห์ข้อมูลที่สามารถวิเคราะห์ข้อมูลและสร้างรายงาน เช่น Apache Hive, Apache Pig, Apache Impala หรือเครื่องมือ Machine Learning\r\n*   **การแสดงผลข้อมูล (Data Visualization):** เครื่องมือแสดงผลข้อมูลที่สามารถนำเสนอข้อมูลในรูปแบบที่เข้าใจง่าย เช่น Tableau, Power BI หรือ Kibana\r\n\r\nตัวอย่าง: หากเราต้องการสร้างระบบวิเคราะห์ข้อมูลการขายสินค้าออนไลน์ เราอาจใช้แหล่งข้อมูลจากฐานข้อมูลของเว็บไซต์ และ Log ของการเข้าชมเว็บไซต์ จากนั้นใช้ HDFS ในการจัดเก็บข้อมูลขนาดใหญ่ และใช้ Apache Spark ในการประมวลผลข้อมูลเพื่อหาแนวโน้มการซื้อสินค้า และใช้ Tableau ในการสร้างแดชบอร์ดแสดงผลข้อมูลการขาย\r\n\r\n### Section 2: เทคโนโลยี Big Data ที่สำคัญ\r\n\r\nมีเทคโนโลยี Big Data มากมายที่ถูกพัฒนาขึ้นเพื่อตอบสนองความต้องการที่แตกต่างกัน นี่คือเทคโนโลยีที่สำคัญบางส่วน:\r\n\r\n*   **Apache Hadoop:** เฟรมเวิร์กโอเพนซอร์สสำหรับการประมวลผลข้อมูลขนาดใหญ่แบบกระจาย โดยใช้ MapReduce เป็นโมเดลการประมวลผล\r\n*   **Apache Spark:** เฟรมเวิร์กโอเพนซอร์สสำหรับการประมวลผลข้อมูลแบบเรียลไทม์และแบบกลุ่ม (Batch Processing) ที่มีความเร็วสูงกว่า Hadoop MapReduce\r\n*   **Apache Kafka:** ระบบ Messaging Queue ที่สามารถจัดการข้อมูลสตรีมมิ่ง (Streaming Data) ได้อย่างมีประสิทธิภาพ\r\n*   **NoSQL Databases:** ฐานข้อมูลที่ไม่ใช้ SQL (Not Only SQL) ที่ออกแบบมาเพื่อรองรับข้อมูลที่มีขนาดใหญ่และมีความหลากหลาย เช่น MongoDB, Cassandra หรือ HBase\r\n*   **Cloud Computing:** แพลตฟอร์มคลาวด์ที่ให้บริการโครงสร้างพื้นฐานและเครื่องมือสำหรับการจัดการ Big Data เช่น Amazon Web Services (AWS), Microsoft Azure หรือ Google Cloud Platform (GCP)\r\n\r\nตัวอย่าง: องค์กรที่ต้องการวิเคราะห์ข้อมูลจากเซ็นเซอร์ IoT จำนวนมากเพื่อตรวจสอบสภาพเครื่องจักร อาจเลือกใช้ Apache Kafka ในการรับข้อมูลสตรีมมิ่งจากเซ็นเซอร์ และใช้ Apache Spark ในการประมวลผลข้อมูลเพื่อตรวจจับความผิดปกติ และใช้ NoSQL database เช่น Cassandra ในการจัดเก็บข้อมูลผลลัพธ์\r\n\r\n### Section 3: การประยุกต์ใช้ Big Data ในอุตสาหกรรมต่างๆ\r\n\r\nBig Data ถูกนำไปประยุกต์ใช้ในหลากหลายอุตสาหกรรม ตัวอย่างเช่น:\r\n\r\n*   **การตลาด:** การวิเคราะห์ข้อมูลลูกค้าเพื่อสร้างแคมเปญการตลาดที่ตรงเป้าหมาย การปรับปรุงประสบการณ์ลูกค้า และการเพิ่มยอดขาย\r\n*   **การเงิน:** การตรวจจับการฉ้อโกง การประเมินความเสี่ยง และการพัฒนาผลิตภัณฑ์ทางการเงินใหม่ๆ\r\n*   **การแพทย์:** การวินิจฉัยโรค การพัฒนาการรักษา และการจัดการข้อมูลผู้ป่วย\r\n*   **การผลิต:** การปรับปรุงประสิทธิภาพการผลิต การลดต้นทุน และการบำรุงรักษาเครื่องจักร\r\n*   **การขนส่ง:** การวางแผนเส้นทางการขนส่ง การจัดการการจราจร และการปรับปรุงความปลอดภัย\r\n\r\nตัวอย่าง: ในอุตสาหกรรมการตลาด Big Data ถูกใช้ในการวิเคราะห์ข้อมูลจากโซเชียลมีเดีย เพื่อทำความเข้าใจความต้องการและความสนใจของลูกค้า และใช้ข้อมูลเหล่านั้นในการสร้างโฆษณาที่ตรงใจลูกค้ามากยิ่งขึ้น ทำให้แคมเปญการตลาดมีประสิทธิภาพมากขึ้น\r\n\r\n## ตัวอย่างเชิงปฏิบัติ\r\n\r\nลองพิจารณาโค้ด Python ที่ใช้ Spark เพื่อวิเคราะห์ข้อมูล Log ของเว็บไซต์:\r\n\r\n```python\r\nfrom pyspark import SparkContext\r\n\r\n# สร้าง SparkContext\r\nsc = SparkContext(\"local\", \"Log Analyzer\")\r\n\r\n# อ่านไฟล์ Log\r\nlog_file = sc.textFile(\"path/to/access.log\")\r\n\r\n# นับจำนวน Error\r\nerror_count = log_file.filter(lambda line: \"ERROR\" in line).count()\r\n\r\n# พิมพ์ผลลัพธ์\r\nprint(\"Number of Errors:\", error_count)\r\n\r\n# หยุด SparkContext\r\nsc.stop()\r\n```\r\n\r\nโค้ดนี้จะอ่านไฟล์ Log ของเว็บไซต์ นับจำนวนบรรทัดที่มีคำว่า \"ERROR\" และพิมพ์ผลลัพธ์ออกมา แสดงให้เห็นถึงความสามารถของ Spark ในการประมวลผลข้อมูลขนาดใหญ่ได้อย่างรวดเร็ว\r\n\r\n## แนวทางปฏิบัติที่ดี\r\n\r\n*   **กำหนดเป้าหมายที่ชัดเจน:** ก่อนที่จะเริ่มโครงการ Big Data ควรกำหนดเป้าหมายที่ชัดเจนว่าต้องการแก้ไขปัญหาอะไร หรือต้องการสร้างคุณค่าอะไรให้กับองค์กร\r\n*   **เลือกเทคโนโลยีที่เหมาะสม:** เลือกเทคโนโลยี Big Data ที่เหมาะสมกับขนาดและความซับซ้อนของข้อมูล รวมถึงความเชี่ยวชาญของทีมงาน\r\n*   **ให้ความสำคัญกับคุณภาพของข้อมูล:** ตรวจสอบความถูกต้องและความสมบูรณ์ของข้อมูลอย่างสม่ำเสมอ และทำความสะอาดข้อมูลก่อนที่จะนำไปวิเคราะห์\r\n*   **สร้างทีมงานที่มีความเชี่ยวชาญ:** สร้างทีมงานที่มีความรู้และทักษะที่หลากหลาย เช่น Data Scientists, Data Engineers และ Business Analysts\r\n*   **เริ่มต้นจากโครงการขนาดเล็ก:** เริ่มต้นจากโครงการ Big Data ขนาดเล็กก่อนที่จะขยายไปสู่โครงการขนาดใหญ่ เพื่อเรียนรู้และปรับปรุงกระบวนการทำงาน\r\n*   **รักษาความปลอดภัยของข้อมูล:** ให้ความสำคัญกับการรักษาความปลอดภัยของข้อมูล และปฏิบัติตามกฎหมายและข้อบังคับที่เกี่ยวข้อง\r\n*   **วัดผลและปรับปรุงอย่างต่อเนื่อง:** วัดผลลัพธ์ของโครงการ Big Data อย่างสม่ำเสมอ และปรับปรุงกระบวนการทำงานอย่างต่อเนื่อง\r\n\r\n## ข้อผิดพลาดที่ควรหลีกเลี่ยง\r\n\r\n*   **การเก็บข้อมูลมากเกินไป:** เก็บเฉพาะข้อมูลที่จำเป็นและเกี่ยวข้องกับเป้าหมายขององค์กร การเก็บข้อมูลมากเกินไปอาจทำให้การจัดการข้อมูลซับซ้อนและสิ้นเปลืองทรัพยากร *ควรเน้นที่คุณภาพมากกว่าปริมาณ*\r\n*   **การละเลยเรื่องความปลอดภัยของข้อมูล:** ไม่ให้ความสำคัญกับการรักษาความปลอดภัยของข้อมูล อาจทำให้ข้อมูลรั่วไหลหรือถูกโจมตีได้\r\n*   **การขาดความเข้าใจในธุรกิจ:** ไม่เข้าใจความต้องการของธุรกิจ อาจทำให้การวิเคราะห์ข้อมูลไม่ตรงเป้าหมายและไม่สามารถสร้างคุณค่าให้กับองค์กรได้\r\n\r\n## สรุป\r\n\r\nBig Data เป็นเทคโนโลยีที่มีศักยภาพในการเปลี่ยนแปลงธุรกิจและสังคมอย่างมาก การเข้าใจแนวคิดหลัก เทคโนโลยีที่สำคัญ และแนวทางปฏิบัติที่ดี จะช่วยให้องค์กรสามารถนำ Big Data ไปใช้ประโยชน์ได้อย่างเต็มที่ อย่างไรก็ตาม การนำ Big Data ไปใช้ก็มีความท้าทายที่ต้องเผชิญ เช่น การจัดการข้อมูลขนาดใหญ่ การรักษาความปลอดภัยของข้อมูล และการสร้างทีมงานที่มีความเชี่ยวชาญ\r\n\r\nการเรียนรู้และพัฒนาทักษะเกี่ยวกับ Big Data อย่างต่อเนื่องเป็นสิ่งสำคัญสำหรับผู้ที่ต้องการประสบความสำเร็จในยุคดิจิทัล การติดตามข่าวสารและเทคโนโลยีใหม่ๆ การเข้าร่วมอบรมและสัมมนา และการทดลองใช้เครื่องมือและเทคโนโลยีต่างๆ จะช่วยให้เราสามารถนำ Big Data ไปใช้ประโยชน์ได้อย่างมีประสิทธิภาพ\r\n\r\n## อ่านเพิ่มเติม\r\n\r\n*   **Data Mining:** กระบวนการค้นหารูปแบบและความสัมพันธ์ที่ซ่อนอยู่ในข้อมูล\r\n*   **Machine Learning:** การพัฒนาอัลกอริทึมที่สามารถเรียนรู้จากข้อมูลและทำการตัดสินใจได้โดยอัตโนมัติ\r\n*   **Data Governance:** การกำหนดนโยบายและกระบวนการสำหรับการจัดการข้อมูลอย่างมีประสิทธิภาพและปลอดภัย\r\n*   **Cloud Computing for Big Data:** การใช้แพลตฟอร์มคลาวด์ในการจัดเก็บ ประมวลผล และวิเคราะห์ Big Data', '2025-10-27 19:29:19'),
(7, 'How to learn English', 'How to learn English', '# ວິທີການຮຽນພາສາອັງກິດ\r\n\r\n## ແນະນຳ\r\n\r\nການຮຽນພາສາອັງກິດເປັນສິ່ງທີ່ສຳຄັນຫຼາຍໃນຍຸກປະຈຸບັນ. ບໍ່ວ່າເຈົ້າຈະໃຊ້ພາສາອັງກິດເພື່ອການສຶກສາ, ການເຮັດວຽກ, ການທ່ອງທ່ຽວ, ຫຼືພຽງແຕ່ເພື່ອຄວາມມ່ວນຊື່ນ, ຄວາມສາມາດໃນການສື່ສານເປັນພາສາອັງກິດສາມາດເປີດໂອກາດໃໝ່ໆໃຫ້ກັບເຈົ້າໄດ້ຫຼາຍຢ່າງ. ຄູ່ມືນີ້ຈະແນະນຳເຈົ້າກ່ຽວກັບວິທີການຮຽນພາສາອັງກິດຢ່າງມີປະສິດທິພາບ, ໂດຍເນັ້ນໃສ່ແນວຄວາມຄິດຫຼັກ, ເນື້ອຫາທີ່ສຳຄັນ, ຕົວຢ່າງການປະຕິບັດ, ແລະຄຳແນະນຳເພື່ອຫຼີກເວັ້ນຄວາມຜິດພາດທົ່ວໄປ.\r\n\r\nຄູ່ມືນີ້ຖືກອອກແບບມາສຳລັບຜູ້ທີ່ຮຽນພາສາອັງກິດໃນລະດັບກາງ (intermediate level), ຜູ້ທີ່ຄຸ້ນເຄີຍກັບຫຼັກໄວຍາກອນພື້ນຖານແລ້ວແຕ່ຕ້ອງການພັດທະນາທັກສະຂອງຕົນໃຫ້ດີຂຶ້ນ. ເປົ້າໝາຍຂອງພວກເຮົາແມ່ນເພື່ອໃຫ້ເຈົ້າເຂົ້າໃຈແນວທາງທີ່ດີທີ່ສຸດໃນການຮຽນພາສາອັງກິດ ແລະໃຫ້ເຈົ້າມີຄວາມໝັ້ນໃຈໃນການນຳໃຊ້ພາສາອັງກິດໃນສະຖານະການຕ່າງໆ.\r\n\r\n## ແນວຄວາມຄິດຫຼັກ\r\n\r\n*   **ການຮຽນຮູ້ແບບຕໍ່ເນື່ອງ:** ການຮຽນພາສາບໍ່ແມ່ນເຫດການຄັ້ງດຽວ, ມັນເປັນຂະບວນການຕໍ່ເນື່ອງ. ໃຫ້ຕັ້ງເປົ້າໝາຍນ້ອຍໆທີ່ສາມາດເຮັດໄດ້ແລະຮັກສາຄວາມສະໝໍ່າສະເໝີໃນການຮຽນ.\r\n*   **ການຝຶກຝົນຢ່າງສະໝໍ່າສະເໝີ:** ການຝຶກຝົນເປັນປະຈຳຈະຊ່ວຍໃຫ້ເຈົ້າຈື່ຈຳຄຳສັບ ແລະຫຼັກໄວຍາກອນໄດ້ດີຂຶ້ນ. ຢ່າຢ້ານທີ່ຈະເຮັດຜິດ, ເພາະການເຮັດຜິດເປັນສ່ວນໜຶ່ງຂອງການຮຽນຮູ້.\r\n*   **ຄວາມຫຼາກຫຼາຍຂອງແຫຼ່ງຮຽນຮູ້:** ໃຊ້ແຫຼ່ງຮຽນຮູ້ທີ່ຫຼາກຫຼາຍເຊັ່ນ: ປຶ້ມ, ເວັບໄຊທ໌, ແອັບພລິເຄຊັນ, ວິດີໂອ, ພອດແຄສ, ແລະອື່ນໆ. ການປ່ຽນແຫຼ່ງຮຽນຮູ້ຈະຊ່ວຍໃຫ້ເຈົ້າບໍ່ເບື່ອ ແລະໄດ້ຮຽນຮູ້ສິ່ງໃໝ່ໆສະເໝີ.\r\n*   **ການນຳໃຊ້ພາສາໃນສະຖານະການຈິງ:** ພະຍາຍາມໃຊ້ພາສາອັງກິດໃນສະຖານະການຈິງເທົ່າທີ່ເປັນໄປໄດ້. ສົນທະນາກັບຄົນທີ່ເວົ້າພາສາອັງກິດ, ຂຽນອີເມວ, ເບິ່ງຮູບເງົາ ຫຼືລາຍການໂທລະທັດເປັນພາສາອັງກິດ.\r\n*   **ການຕັ້ງເປົ້າໝາຍທີ່ຊັດເຈນ:** ກຳນົດວ່າເຈົ້າຕ້ອງການຮຽນພາສາອັງກິດເພື່ອຫຍັງ. ເປົ້າໝາຍທີ່ຊັດເຈນຈະຊ່ວຍໃຫ້ເຈົ້າມີແຮງຈູງໃຈ ແລະສຸມໃສ່ສິ່ງທີ່ສຳຄັນ.\r\n\r\n## ເນື້ອຫາຫຼັກ\r\n\r\n### Section 1: ການພັດທະນາທັກສະການຟັງ ແລະການເວົ້າ\r\n\r\n*   **ການຟັງ:** ການຟັງເປັນທັກສະທີ່ສຳຄັນທີ່ສຸດຢ່າງໜຶ່ງໃນການຮຽນພາສາອັງກິດ. ເລີ່ມຈາກການຟັງສິ່ງທີ່ງ່າຍໆເຊັ່ນ: ພອດແຄສສຳລັບຜູ້ຮຽນພາສາອັງກິດ, ວິດີໂອສັ້ນໆ, ຫຼືເພງ. ຄ່ອຍໆເພີ່ມລະດັບຄວາມຍາກຂຶ້ນເມື່ອເຈົ້າຮູ້ສຶກສະດວກສະບາຍຂຶ້ນ.\r\n    *   **ຕົວຢ່າງ:** ຟັງພອດແຄສຂອງ BBC Learning English (bbc.co.uk/learningenglish).\r\n    *   *ເຄັດລັບ:* ຟັງຫຼາຍໆຄັ້ງ ແລະພະຍາຍາມຈັບໃຈຄວາມສຳຄັນຂອງແຕ່ລະປະໂຫຍກ. ຖ້າເຈົ້າບໍ່ເຂົ້າໃຈ, ໃຫ້ກວດເບິ່ງຄຳສັບ ແລະຟັງອີກຄັ້ງ.\r\n\r\n*   **ການເວົ້າ:** ການເວົ້າເປັນສິ່ງທີ່ທ້າທາຍສຳລັບຜູ້ຮຽນພາສາອັງກິດຫຼາຍຄົນ. ຢ່າຢ້ານທີ່ຈະເວົ້າຜິດ, ເພາະການເວົ້າຜິດເປັນສ່ວນໜຶ່ງຂອງການຮຽນຮູ້. ພະຍາຍາມຊອກຫາຄູ່ຮ່ວມຝຶກເວົ້າ ຫຼືເຂົ້າຮ່ວມກຸ່ມສົນທະນາພາສາອັງກິດ.\r\n    *   **ຕົວຢ່າງ:** ໃຊ້ແອັບພລິເຄຊັນເຊັ່ນ HelloTalk ເພື່ອເຊື່ອມຕໍ່ກັບຄົນທີ່ເວົ້າພາສາອັງກິດເປັນພາສາແມ່.\r\n    *   *ເຄັດລັບ:* ເລີ່ມຈາກການເວົ້າກ່ຽວກັບສິ່ງທີ່ເຈົ້າຮູ້ຈັກດີ ແລະຄ່ອຍໆເພີ່ມຄວາມຫຍຸ້ງຍາກຂຶ້ນ. ໃຫ້ສຸມໃສ່ການສື່ສານໃຫ້ເຂົ້າໃຈ, ບໍ່ຈຳເປັນຕ້ອງສົມບູນແບບ.\r\n\r\n### Section 2: ການພັດທະນາທັກສະການອ່ານ ແລະການຂຽນ\r\n\r\n*   **ການອ່ານ:** ການອ່ານຈະຊ່ວຍໃຫ້ເຈົ້າຮຽນຮູ້ຄຳສັບໃໝ່ໆ, ຫຼັກໄວຍາກອນ, ແລະສຳນວນ. ເລີ່ມຈາກການອ່ານສິ່ງທີ່ເຈົ້າສົນໃຈເຊັ່ນ: ບົດຄວາມຂ່າວ, ບລັອກ, ຫຼືນິຍາຍ.\r\n    *   **ຕົວຢ່າງ:** ອ່ານບົດຄວາມງ່າຍໆໃນເວັບໄຊທ໌ Breaking News English (breakingnewsenglish.com).\r\n    *   *ເຄັດລັບ:* ຢ່າຢຸດອ່ານທຸກຄັ້ງທີ່ເຈົ້າພົບຄຳສັບທີ່ບໍ່ຮູ້ຈັກ. ພະຍາຍາມຄາດເດົາຄວາມໝາຍຈາກເນື້ອໃນໂດຍລວມ. ຖ້າຈຳເປັນ, ໃຫ້ກວດເບິ່ງໃນວັດຈະນານຸກົມ.\r\n\r\n*   **ການຂຽນ:** ການຂຽນຈະຊ່ວຍໃຫ້ເຈົ້າຈັດລະບຽບຄວາມຄິດຂອງເຈົ້າ ແລະນຳໃຊ້ຄຳສັບ ແລະຫຼັກໄວຍາກອນທີ່ເຈົ້າໄດ້ຮຽນຮູ້ມາ. ເລີ່ມຈາກການຂຽນສິ່ງທີ່ງ່າຍໆເຊັ່ນ: ບັນທຶກປະຈຳວັນ, ອີເມວ, ຫຼືຂໍ້ຄວາມໃນສື່ສັງຄົມ.\r\n    *   **ຕົວຢ່າງ:** ຂຽນກ່ຽວກັບມື້ຂອງເຈົ້າໃນບັນທຶກປະຈຳວັນ.\r\n    *   *ເຄັດລັບ:* ຢ່າກັງວົນກ່ຽວກັບຄວາມຜິດພາດ. ສຸມໃສ່ການສື່ສານຄວາມຄິດຂອງເຈົ້າຢ່າງຊັດເຈນ. ຂໍໃຫ້ຄົນອື່ນກວດແກ້ໃຫ້ເຈົ້າເພື່ອຮຽນຮູ້ຈາກຄວາມຜິດພາດ.\r\n\r\n### Section 3: ການຮຽນຮູ້ຄຳສັບ ແລະຫຼັກໄວຍາກອນ\r\n\r\n*   **ຄຳສັບ:** ຮຽນຮູ້ຄຳສັບໃໝ່ໆເປັນປະຈຳ. ໃຊ້ບັດຄຳສັບ, ແອັບພລິເຄຊັນ, ຫຼືເຕັກນິກການຈື່ຈຳອື່ນໆເພື່ອຊ່ວຍໃຫ້ເຈົ້າຈື່ຈຳຄຳສັບໄດ້ດີຂຶ້ນ.\r\n    *   **ຕົວຢ່າງ:** ໃຊ້ແອັບພລິເຄຊັນເຊັ່ນ Memrise ຫຼື Anki ເພື່ອຮຽນຮູ້ຄຳສັບ.\r\n    *   *ເຄັດລັບ:* ຮຽນຮູ້ຄຳສັບໃນສະພາບການ. ຢ່າພຽງແຕ່ຈື່ຈຳຄວາມໝາຍຂອງຄຳສັບ, ແຕ່ໃຫ້ຮຽນຮູ້ວິທີການໃຊ້ຄຳສັບນັ້ນໃນປະໂຫຍກ.\r\n\r\n*   **ຫຼັກໄວຍາກອນ:** ທົບທວນຫຼັກໄວຍາກອນເປັນປະຈຳ. ໃຊ້ປຶ້ມໄວຍາກອນ, ເວັບໄຊທ໌, ຫຼືແອັບພລິເຄຊັນເພື່ອຮຽນຮູ້ຫຼັກໄວຍາກອນ.\r\n    *   **ຕົວຢ່າງ:** ໃຊ້ເວັບໄຊທ໌ English Grammar Online (englisch-hilfen.de) ເພື່ອຮຽນຮູ້ຫຼັກໄວຍາກອນ.\r\n    *   *ເຄັດລັບ:* ຝຶກໃຊ້ຫຼັກໄວຍາກອນທີ່ເຈົ້າໄດ້ຮຽນຮູ້ໃນການຂຽນ ແລະການເວົ້າ.\r\n\r\n## ຕົວຢ່າງການປະຕິບັດ\r\n\r\n```\r\n// ຕົວຢ່າງການຂຽນອີເມວເປັນພາສາອັງກິດ:\r\nDear [ຊື່],\r\n\r\nI hope this email finds you well.\r\n\r\nI am writing to you to ask about [ຫົວຂໍ້]. I am interested in learning more about it.\r\n\r\nCould you please provide me with some information?\r\n\r\nThank you for your time.\r\n\r\nSincerely,\r\n[ຊື່ຂອງເຈົ້າ]\r\n```\r\n\r\n## ການປະຕິບັດທີ່ດີທີ່ສຸດ\r\n\r\n*   **ຕັ້ງເປົ້າໝາຍທີ່ສາມາດເຮັດໄດ້:** ແບ່ງເປົ້າໝາຍໃຫຍ່ໆອອກເປັນເປົ້າໝາຍນ້ອຍໆທີ່ສາມາດເຮັດໄດ້.\r\n*   **ສ້າງຕາຕະລາງການຮຽນ:** ກຳນົດເວລາສະເພາະໃນແຕ່ລະມື້ ຫຼືອາທິດສຳລັບການຮຽນພາສາອັງກິດ.\r\n*   **ໃຊ້ແຫຼ່ງຮຽນຮູ້ທີ່ຫຼາກຫຼາຍ:** ປ່ຽນແຫຼ່ງຮຽນຮູ້ເພື່ອບໍ່ໃຫ້ເບື່ອ ແລະໄດ້ຮຽນຮູ້ສິ່ງໃໝ່ໆສະເໝີ.\r\n*   **ຝຶກຝົນຢ່າງສະໝໍ່າສະເໝີ:** ໃຊ້ພາສາອັງກິດເປັນປະຈຳ, ເຖິງແມ່ນວ່າພຽງແຕ່ສອງສາມນາທີຕໍ່ມື້.\r\n*   **ຢ່າຢ້ານທີ່ຈະເຮັດຜິດ:** ການເຮັດຜິດເປັນສ່ວນໜຶ່ງຂອງການຮຽນຮູ້. ຮຽນຮູ້ຈາກຄວາມຜິດພາດ ແລະສືບຕໍ່ພະຍາຍາມ.\r\n*   **ຊອກຫາຄູ່ຮ່ວມຮຽນ:** ຮຽນກັບໝູ່ເພື່ອນ ຫຼືເຂົ້າຮ່ວມກຸ່ມຮຽນພາສາອັງກິດ.\r\n*   **ໃຫ້ລາງວັນຕົວເອງ:** ເມື່ອເຈົ້າບັນລຸເປົ້າໝາຍ, ໃຫ້ລາງວັນຕົວເອງເພື່ອສ້າງແຮງຈູງໃຈ.\r\n\r\n## ຄວາມຜິດພາດທົ່ວໄປທີ່ຄວນຫຼີກເວັ້ນ\r\n\r\n*   **ການສຸມໃສ່ໄວຍາກອນຫຼາຍເກີນໄປ:** ຢ່າໃຊ້ເວລາຫຼາຍເກີນໄປໃນການຮຽນໄວຍາກອນ. ສຸມໃສ່ການສື່ສານໃຫ້ເຂົ້າໃຈກ່ອນ.\r\n*   **ການຢ້ານທີ່ຈະເວົ້າ:** ຢ່າຢ້ານທີ່ຈະເວົ້າຜິດ. ການເວົ້າຜິດເປັນສ່ວນໜຶ່ງຂອງການຮຽນຮູ້.\r\n*   **ການປຽບທຽບຕົວເອງກັບຄົນອື່ນ:** ທຸກຄົນຮຽນຮູ້ໃນຈັງຫວະທີ່ແຕກຕ່າງກັນ. ຢ່າປຽບທຽບຕົວເອງກັບຄົນອື່ນ, ສຸມໃສ່ຄວາມກ້າວໜ້າຂອງເຈົ້າເອງ.\r\n\r\n## ສະຫຼຸບ\r\n\r\nການຮຽນພາສາອັງກິດເປັນຂະບວນການທີ່ຕ້ອງໃຊ້ເວລາ ແລະຄວາມພະຍາຍາມ, ແຕ່ຜົນຕອບແທນກໍຄຸ້ມຄ່າ. ໂດຍການນຳໃຊ້ແນວທາງທີ່ໄດ້ກ່າວມາຂ້າງເທິງ, ເຈົ້າສາມາດພັດທະນາທັກສະພາສາອັງກິດຂອງເຈົ້າໄດ້ຢ່າງມີປະສິດທິພາບ ແລະບັນລຸເປົ້າໝາຍຂອງເຈົ້າ. ຈົ່ງຈື່ໄວ້ວ່າການຮຽນຮູ້ພາສາເປັນການເດີນທາງ, ບໍ່ແມ່ນຈຸດໝາຍປາຍທາງ. ມ່ວນຊື່ນກັບຂະບວນການຮຽນຮູ້ ແລະສະເຫຼີມສະຫຼອງຄວາມສຳເລັດນ້ອຍໆຕາມທາງ.\r\n\r\nສຸດທ້າຍນີ້, ຢ່າລືມວ່າການຮຽນຮູ້ພາສາບໍ່ໄດ້ຈຳກັດຢູ່ພຽງແຕ່ໃນຫ້ອງຮຽນ ຫຼືໃນປຶ້ມແບບຮຽນ. ພະຍາຍາມຊອກຫາໂອກາດທີ່ຈະໃຊ້ພາສາອັງກິດໃນຊີວິດປະຈຳວັນຂອງເຈົ້າ, ບໍ່ວ່າຈະເປັນການເວົ້າກັບເພື່ອນຕ່າງປະເທດ, ການເບິ່ງຮູບເງົາເປັນພາສາອັງກິດ, ຫຼືການອ່ານຂ່າວສານຈາກຕ່າງປະເທດ.\r\n\r\n## ອ່ານຕື່ມ\r\n\r\n*   **ຫຼັກໄວຍາກອນພາສາອັງກິດ:** ຮຽນຮູ້ກ່ຽວກັບ Tenses, Articles, Prepositions, ແລະອື່ນໆ.\r\n*   **ຄຳສັບພາສາອັງກິດ:** ຮຽນຮູ້ຄຳສັບທີ່ໃຊ້ໃນຊີວິດປະຈຳວັນ, ຄຳສັບທາງທຸລະກິດ, ແລະອື່ນໆ.\r\n*   **ສຳນວນພາສາອັງກິດ:** ຮຽນຮູ້ສຳນວນທີ່ໃຊ້ໃນພາສາອັງກິດແບບບໍ່ເປັນທາງການ.\r\n*   **ວັດທະນະທຳຂອງປະເທດທີ່ໃຊ້ພາສາອັງກິດ:** ຮຽນຮູ້ກ່ຽວກັບວັດທະນະທຳຂອງປະເທດຕ່າງໆທີ່ໃຊ້ພາສາອັງກິດເພື່ອໃຫ້ເຂົ້າໃຈພາສາໄດ້ດີຂຶ້ນ.', '2025-10-27 20:50:59'),
(8, 'How to learng English best Version', 'How to learng English best Version', '# How to learng English best Version\r\n\r\n## ແນະນຳ\r\n\r\nການຮຽນພາສາອັງກິດໃຫ້ໄດ້ຜົນດີທີ່ສຸດບໍ່ໄດ້ໝາຍເຖິງການຈົດຈຳຄຳສັບ ຫຼື ກົດເກນໄວຍະກອນຢ່າງດຽວ. ມັນກ່ຽວກັບການສ້າງຄວາມເຂົ້າໃຈຢ່າງເລິກເຊິ່ງກ່ຽວກັບພາສາ, ວັດທະນະທຳ, ແລະການນຳໃຊ້ຕົວຈິງໃນຊີວິດປະຈຳວັນ.  ບົດຄວາມນີ້ຈະນຳສະເໜີວິທີການຮຽນພາສາອັງກິດທີ່ດີທີ່ສຸດ, ເຊິ່ງລວມເຖິງແນວຄວາມຄິດຫຼັກ, ເນື້ອໃນທີ່ຄວນສຶກສາ, ຕົວຢ່າງ, ການປະຕິບັດທີ່ດີທີ່ສຸດ, ແລະສິ່ງທີ່ຄວນຫຼີກເວັ້ນ.  ເປົ້າໝາຍຂອງພວກເຮົາແມ່ນເພື່ອຊ່ວຍໃຫ້ທ່ານພັດທະນາທັກສະພາສາອັງກິດຂອງທ່ານຢ່າງມີປະສິດທິພາບ ແລະບັນລຸເປົ້າໝາຍທີ່ຕັ້ງໄວ້.\r\n\r\nການທີ່ສາມາດເວົ້າພາສາອັງກິດໄດ້ຢ່າງຄ່ອງແຄ້ວບໍ່ພຽງແຕ່ຊ່ວຍເປີດໂອກາດທາງດ້ານການສຶກສາ ແລະການເຮັດວຽກເທົ່ານັ້ນ, ແຕ່ຍັງຊ່ວຍໃຫ້ທ່ານສາມາດເຊື່ອມຕໍ່ກັບຄົນຈາກທົ່ວໂລກ ແລະເຂົ້າໃຈວັດທະນະທຳທີ່ຫຼາກຫຼາຍຫຼາຍຂຶ້ນ. ການຮຽນພາສາອັງກິດຢ່າງມີປະສິດທິພາບຈະຊ່ວຍໃຫ້ທ່ານສາມາດສື່ສານຄວາມຄິດ ແລະຄວາມຮູ້ສຶກຂອງທ່ານໄດ້ຢ່າງຊັດເຈນ ແລະເຂົ້າໃຈສິ່ງທີ່ຄົນອື່ນເວົ້າໄດ້ຢ່າງຖືກຕ້ອງ.  ດັ່ງນັ້ນ, ການລົງທຶນໃນການຮຽນພາສາອັງກິດແມ່ນການລົງທຶນໃນອະນາຄົດຂອງທ່ານເອງ.\r\n\r\n## ແນວຄວາມຄິດຫຼັກ\r\n\r\n*   **ການດູດຊຶມ (Immersion):** ການໃຊ້ພາສາອັງກິດໃນສະພາບແວດລ້ອມທີ່ເປັນຈິງຫຼາຍເທົ່າທີ່ຈະຫຼາຍໄດ້.\r\n*   **ການປະຕິບັດຢ່າງຕໍ່ເນື່ອງ (Consistent Practice):** ການຮຽນ ແລະຝຶກຝົນເປັນປະຈຳ, ເຖິງແມ່ນວ່າຈະເປັນເວລາສັ້ນໆກໍຕາມ.\r\n*   **ການຮຽນຮູ້ແບບມີຈຸດປະສົງ (Purposeful Learning):** ກຳນົດເປົ້າໝາຍ ແລະສຸມໃສ່ພື້ນທີ່ທີ່ຕ້ອງການພັດທະນາ.\r\n*   **ການໃຫ້ຄຳຕິຊົມ (Feedback):** ຂໍຄຳແນະນຳຈາກຄົນອື່ນເພື່ອປັບປຸງທັກສະຂອງທ່ານ.\r\n*   **ການປັບຕົວ (Adaptability):** ປ່ຽນແປງວິທີການຮຽນຮູ້ໃຫ້ເໝາະສົມກັບຄວາມຕ້ອງການ ແລະຄວາມກ້າວໜ້າຂອງທ່ານ.\r\n*   ***Motivation* (ແຮງຈູງໃຈ):** ສິ່ງທີ່ສຳຄັນທີ່ສຸດຄືການຮັກສາຄວາມກະຕືລືລົ້ນ ແລະມີເປົ້າໝາຍທີ່ຊັດເຈນ.\r\n\r\n## ເນື້ອຫາຫຼັກ\r\n\r\n### Section 1: ການພັດທະນາທັກສະການຟັງ ແລະການເວົ້າ\r\n\r\nການຟັງ ແລະການເວົ້າແມ່ນສອງທັກສະທີ່ເຊື່ອມໂຍງກັນຢ່າງໃກ້ຊິດ. ການຝຶກຟັງຢ່າງເປັນປະຈຳຈະຊ່ວຍໃຫ້ທ່ານຄຸ້ນເຄີຍກັບສຽງ, ຈັງຫວະ, ແລະສຳນຽງທີ່ແຕກຕ່າງກັນຂອງພາສາອັງກິດ.\r\n\r\n*   **ການຟັງ:**\r\n    *   ຟັງເພງ, ພອດແຄສ, ຫຼືເບິ່ງຮູບເງົາ ແລະລາຍການໂທລະພາບເປັນພາສາອັງກິດ.\r\n    *   ພະຍາຍາມເຂົ້າໃຈເນື້ອໃນໂດຍລວມກ່ອນ, ຫຼັງຈາກນັ້ນຈຶ່ງສຸມໃສ່ລາຍລະອຽດ.\r\n    *   ໃຊ້ຄຳບັນຍາຍ (subtitles) ຖ້າຈຳເປັນ, ແຕ່ພະຍາຍາມຫຼຸດຜ່ອນການເພິ່ງພາອາໄສເມື່ອທ່ານພັດທະນາ.\r\n    *   ຕົວຢ່າງ: ຟັງພອດແຄສເຊັ່ນ \"The English We Speak\" ຈາກ BBC Learning English.\r\n*   **ການເວົ້າ:**\r\n    *   ຝຶກເວົ້າຄົນດຽວ ຫຼືກັບຄູ່ຮ່ວມງານ.\r\n    *   ບັນທຶກສຽງຂອງທ່ານ ແລະຟັງຄືນເພື່ອຊອກຫາຈຸດທີ່ຕ້ອງປັບປຸງ.\r\n    *   ເຂົ້າຮ່ວມກຸ່ມສົນທະນາພາສາອັງກິດ ຫຼືເວັບໄຊທ໌ສົນທະນາອອນລາຍ.\r\n    *   ຕົວຢ່າງ: ເວົ້າກ່ຽວກັບຫົວຂໍ້ທີ່ທ່ານສົນໃຈເປັນເວລາ 5 ນາທີທຸກໆມື້.\r\n\r\n### Section 2: ການປັບປຸງທັກສະການອ່ານ ແລະການຂຽນ\r\n\r\nການອ່ານ ແລະການຂຽນຊ່ວຍເພີ່ມພູນຄຳສັບ, ໄວຍະກອນ, ແລະຄວາມເຂົ້າໃຈໃນໂຄງສ້າງຂອງພາສາ.\r\n\r\n*   **ການອ່ານ:**\r\n    *   ອ່ານປຶ້ມ, ບົດຄວາມ, ຂ່າວ, ແລະບລັອກເປັນພາສາອັງກິດ.\r\n    *   ເລືອກສິ່ງທີ່ໜ້າສົນໃຈ ແລະເໝາະສົມກັບລະດັບຄວາມສາມາດຂອງທ່ານ.\r\n    *   ຈົດບັນທຶກຄຳສັບໃໝ່ ແລະໃຊ້ໃນປະໂຫຍກເພື່ອຊ່ວຍຈື່ຈຳ.\r\n    *   ຕົວຢ່າງ: ອ່ານຂ່າວຈາກເວັບໄຊທ໌ເຊັ່ນ BBC News ຫຼື The Guardian.\r\n*   **ການຂຽນ:**\r\n    *   ຂຽນບັນທຶກປະຈຳວັນ, ອີເມວ, ຫຼືບົດຄວາມສັ້ນໆ.\r\n    *   ຝຶກໃຊ້ໄວຍະກອນ ແລະຄຳສັບໃໝ່ທີ່ທ່ານໄດ້ຮຽນຮູ້.\r\n    *   ຂໍໃຫ້ຄົນອື່ນກວດແກ້ ແລະໃຫ້ຄຳຕິຊົມກ່ຽວກັບສິ່ງທີ່ທ່ານຂຽນ.\r\n    *   ຕົວຢ່າງ: ຂຽນບົດສະຫຼຸບກ່ຽວກັບບົດຄວາມທີ່ທ່ານໄດ້ອ່ານ.\r\n\r\n### Section 3: ການເຂົ້າໃຈໄວຍະກອນ ແລະຄຳສັບ\r\n\r\nເຖິງແມ່ນວ່າການສື່ສານແມ່ນສິ່ງທີ່ສຳຄັນທີ່ສຸດ, ແຕ່ຄວາມເຂົ້າໃຈກ່ຽວກັບໄວຍະກອນ ແລະຄຳສັບກໍມີຄວາມຈຳເປັນເພື່ອຄວາມຊັດເຈນ ແລະຖືກຕ້ອງ.\r\n\r\n*   **ໄວຍະກອນ:**\r\n    *   ຮຽນຮູ້ກົດເກນໄວຍະກອນພື້ນຖານ ແລະນຳໃຊ້ໃນການປະຕິບັດ.\r\n    *   ໃຊ້ແຫຼ່ງຂໍ້ມູນອອນລາຍ ຫຼືປຶ້ມໄວຍະກອນເພື່ອເສີມສ້າງຄວາມເຂົ້າໃຈ.\r\n    *   ສຸມໃສ່ພື້ນທີ່ທີ່ທ່ານມີບັນຫາ ແລະຝຶກຝົນເປັນປະຈຳ.\r\n    *   ຕົວຢ່າງ: ຮຽນຮູ້ກ່ຽວກັບ Tenses ທີ່ແຕກຕ່າງກັນ ແລະວິທີການນຳໃຊ້.\r\n*   **ຄຳສັບ:**\r\n    *   ຮຽນຮູ້ຄຳສັບໃໝ່ທຸກໆມື້ ແລະໃຊ້ໃນສະພາບການທີ່ແຕກຕ່າງກັນ.\r\n    *   ໃຊ້ບັດຄຳສັບ, ແອັບ, ຫຼືເວັບໄຊທ໌ເພື່ອຊ່ວຍຈື່ຈຳ.\r\n    *   ອ່ານຢ່າງກວ້າງຂວາງເພື່ອເປີດເຜີຍຕົວເອງໃຫ້ກັບຄຳສັບໃໝ່.\r\n    *   ຕົວຢ່າງ: ຮຽນຮູ້ຄຳສັບທີ່ກ່ຽວຂ້ອງກັບວຽກງານຂອງທ່ານ.\r\n\r\n## ຕົວຢ່າງການປະຕິບັດ\r\n\r\n```\r\n// ຕົວຢ່າງການຝຶກເວົ້າ:\r\n// 1. ເລືອກຫົວຂໍ້ທີ່ທ່ານສົນໃຈ (ເຊັ່ນ: ອາຫານທີ່ມັກ, ສະຖານທີ່ທ່ອງທ່ຽວ, ຫຼືຮູບເງົາ).\r\n// 2. ຕັ້ງໂມງຈັບເວລາ 2 ນາທີ.\r\n// 3. ເລີ່ມເວົ້າກ່ຽວກັບຫົວຂໍ້ນັ້ນໂດຍບໍ່ຕ້ອງຢຸດ.\r\n// 4. ພະຍາຍາມໃຊ້ຄຳສັບ ແລະໄວຍະກອນທີ່ທ່ານໄດ້ຮຽນຮູ້.\r\n// 5. ບັນທຶກສຽງຂອງທ່ານ ແລະຟັງຄືນເພື່ອຊອກຫາຈຸດທີ່ຕ້ອງປັບປຸງ.\r\n```\r\n\r\n## ການປະຕິບັດທີ່ດີທີ່ສຸດ\r\n\r\n*   **ກຳນົດເປົ້າໝາຍທີ່ຊັດເຈນ:** ສິ່ງທີ່ທ່ານຕ້ອງການບັນລຸໂດຍການຮຽນພາສາອັງກິດ.\r\n*   **ສ້າງຕາຕະລາງການຮຽນ:** ກຳນົດເວລາສະເພາະໃນແຕ່ລະມື້ ຫຼືອາທິດສຳລັບການຮຽນ.\r\n*   **ໃຊ້ແຫຼ່ງຂໍ້ມູນທີ່ຫຼາກຫຼາຍ:** ປຶ້ມ, ແອັບ, ເວັບໄຊທ໌, ແລະຄູສອນ.\r\n*   **ມີສ່ວນຮ່ວມກັບພາສາ:** ຟັງ, ເວົ້າ, ອ່ານ, ແລະຂຽນເປັນປະຈຳ.\r\n*   **ຢ່າຢ້ານທີ່ຈະເຮັດຜິດ:** ຄວາມຜິດພາດເປັນສ່ວນໜຶ່ງຂອງຂະບວນການຮຽນຮູ້.\r\n*   **ຊອກຫາຄູ່ຮ່ວມງານ:** ຮຽນຮູ້ກັບຄົນອື່ນເພື່ອແລກປ່ຽນຄວາມຄິດ ແລະໃຫ້ກຳລັງໃຈ.\r\n*   **ສະເຫຼີມສະຫຼອງຄວາມສຳເລັດ:** ໃຫ້ລາງວັນຕົວເອງເມື່ອທ່ານບັນລຸເປົ້າໝາຍ.\r\n\r\n## ຄວາມຜິດພາດທົ່ວໄປທີ່ຄວນຫຼີກເວັ້ນ\r\n\r\n*   **ການຈົດຈຳແບບບໍ່ມີຄວາມໝາຍ:** ພະຍາຍາມເຂົ້າໃຈຄວາມໝາຍ ແລະການນຳໃຊ້ຄຳສັບໃນສະພາບການທີ່ແທ້ຈິງ.\r\n*   **ການເນັ້ນໜັກໃສ່ໄວຍະກອນຫຼາຍເກີນໄປ:** ໄວຍະກອນເປັນສິ່ງສຳຄັນ, ແຕ່ບໍ່ຄວນເປັນອຸປະສັກຕໍ່ການສື່ສານ.\r\n*   **ການຢ້ານທີ່ຈະເວົ້າ:** ເວົ້າເຖິງແມ່ນວ່າທ່ານຮູ້ສຶກບໍ່ໝັ້ນໃຈ. ການປະຕິບັດເທົ່ານັ້ນທີ່ຈະຊ່ວຍໃຫ້ທ່ານປັບປຸງ.\r\n*   **ການປຽບທຽບຕົວເອງກັບຄົນອື່ນ:** ທຸກຄົນຮຽນຮູ້ໃນຈັງຫວະທີ່ແຕກຕ່າງກັນ. ສຸມໃສ່ຄວາມກ້າວໜ້າຂອງທ່ານເອງ.\r\n*   **ການຍອມແພ້ງ່າຍເກີນໄປ:** ການຮຽນພາສາຕ້ອງໃຊ້ເວລາ ແລະຄວາມພະຍາຍາມ. ຢ່າທໍ້ຖອຍໃຈເມື່ອເຈິບັນຫາ.\r\n\r\n## ສະຫຼຸບ\r\n\r\nການຮຽນພາສາອັງກິດໃຫ້ໄດ້ຜົນດີທີ່ສຸດຮຽກຮ້ອງໃຫ້ມີວິທີການທີ່ສົມດູນ, ເຊິ່ງລວມເຖິງການພັດທະນາທັກສະການຟັງ, ການເວົ້າ, ການອ່ານ, ແລະການຂຽນ, ພ້ອມທັງການສ້າງຄວາມເຂົ້າໃຈກ່ຽວກັບໄວຍະກອນ ແລະຄຳສັບ. ການປະຕິບັດຢ່າງຕໍ່ເນື່ອງ, ການໃຫ້ຄຳຕິຊົມ, ແລະແຮງຈູງໃຈແມ່ນປັດໃຈສຳຄັນທີ່ສຸດຕໍ່ຄວາມສຳເລັດ. ຢ່າຢ້ານທີ່ຈະເຮັດຜິດ ແລະສະເຫຼີມສະຫຼອງຄວາມສຳເລັດຂອງທ່ານຕະຫຼອດທາງ.\r\n\r\nຈົ່ງຈື່ໄວ້ວ່າການຮຽນພາສາອັງກິດເປັນຂະບວນການທີ່ຍາວນານ, ແຕ່ມັນກໍເປັນຂະບວນການທີ່ຄຸ້ມຄ່າ. ດ້ວຍຄວາມພະຍາຍາມ ແລະຄວາມຕັ້ງໃຈ, ທ່ານສາມາດບັນລຸເປົ້າໝາຍຂອງທ່ານ ແລະກາຍເປັນຜູ້ທີ່ເວົ້າພາສາອັງກິດໄດ້ຢ່າງຄ່ອງແຄ້ວ.\r\n\r\n## ອ່ານຕື່ມ\r\n\r\n*   **ການຮຽນພາສາດ້ວຍຕົນເອງ (Self-directed language learning):**  ຄົ້ນຫາວິທີການຮຽນພາສາອັງກິດດ້ວຍຕົນເອງຢ່າງມີປະສິດທິພາບ.\r\n*   **ການໃຊ້ເທັກໂນໂລຢີໃນການຮຽນພາສາ (Technology-enhanced language learning):**  ສຳຫຼວດແອັບ, ເວັບໄຊທ໌, ແລະຊອບແວທີ່ສາມາດຊ່ວຍໃຫ້ທ່ານຮຽນຮູ້ພາສາອັງກິດໄດ້ໄວຂຶ້ນ.\r\n*   **ການແລກປ່ຽນພາສາ (Language exchange):**  ຊອກຫາຄູ່ຮ່ວມງານທີ່ເວົ້າພາສາອັງກິດເປັນພາສາແມ່ເພື່ອຝຶກສົນທະນາ.\r\n*   **ວັດທະນະທຳ ແລະພາສາ (Culture and language):**  ສຶກສາຄວາມສຳພັນລະຫວ່າງພາສາອັງກິດ ແລະວັດທະນະທຳຂອງປະເທດທີ່ເວົ້າພາສານີ້.', '2025-10-27 20:58:43');

-- --------------------------------------------------------

--
-- Table structure for table `tblexercise`
--

CREATE TABLE `tblexercise` (
  `ExerciseID` int(11) NOT NULL,
  `LessonID` int(11) NOT NULL,
  `CategoryID` int(11) DEFAULT NULL,
  `TopicID` int(11) DEFAULT NULL,
  `Question` text NOT NULL,
  `ChoiceA` text NOT NULL,
  `ChoiceB` text NOT NULL,
  `ChoiceC` text NOT NULL,
  `ChoiceD` text NOT NULL,
  `Answer` varchar(90) NOT NULL,
  `ExercisesDate` date NOT NULL
) ENGINE=InnoDB DEFAULT CHARSET=latin1 COLLATE=latin1_swedish_ci;

--
-- Dumping data for table `tblexercise`
--

INSERT INTO `tblexercise` (`ExerciseID`, `LessonID`, `CategoryID`, `TopicID`, `Question`, `ChoiceA`, `ChoiceB`, `ChoiceC`, `ChoiceD`, `Answer`, `ExercisesDate`) VALUES
(20251836, 0, 6, 15, 'Which Laravel feature provides a convenient, fluent interface for defining and running database schema migrations?', 'Artisan Console', 'Eloquent ORM', 'Blade Templating Engine', 'Schema Builder', 'D', '0000-00-00'),
(20252295, 0, 6, 15, 'In Laravel, which of the following is the correct way to access the configuration value \'app.name\'?', 'config(\'app_name\')', 'Config::get(\'app.name\')', 'env(\'APP_NAME\')', 'App::config(\'app.name\')', 'B', '0000-00-00'),
(20252366, 0, 6, 15, 'What is the primary purpose of Laravel\'s service container?', 'To manage HTTP requests and responses.', 'To handle database connections.', 'To manage class dependencies and perform dependency injection.', 'To compile Blade templates.', 'C', '0000-00-00'),
(20252401, 0, 6, 15, 'What is the purpose of Laravel\'s \'middleware\'?', 'To define database migrations.', 'To filter HTTP requests entering your application.', 'To create Blade templates.', 'To handle queue jobs.', 'B', '0000-00-00'),
(20252732, 0, 6, 15, 'Which HTTP method is typically used when updating an existing resource in a RESTful API built with Laravel?', 'GET', 'POST', 'PUT or PATCH', 'DELETE', 'C', '0000-00-00');

-- --------------------------------------------------------

--
-- Table structure for table `tbllesson`
--

CREATE TABLE `tbllesson` (
  `LessonID` int(11) NOT NULL,
  `LessonChapter` varchar(90) NOT NULL,
  `LessonTitle` varchar(90) NOT NULL,
  `FileLocation` text NOT NULL,
  `Category` varchar(90) NOT NULL
) ENGINE=InnoDB DEFAULT CHARSET=latin1 COLLATE=latin1_swedish_ci;

-- --------------------------------------------------------

--
-- Table structure for table `tblscore`
--

CREATE TABLE `tblscore` (
  `ScoreID` int(11) NOT NULL,
  `LessonID` int(11) NOT NULL,
  `ExerciseID` int(11) NOT NULL,
  `StudentID` int(11) NOT NULL,
  `NoItems` int(11) NOT NULL DEFAULT 1,
  `Score` int(11) NOT NULL,
  `Submitted` tinyint(1) NOT NULL,
  `Answer` varchar(10) DEFAULT NULL
) ENGINE=InnoDB DEFAULT CHARSET=latin1 COLLATE=latin1_swedish_ci;

--
-- Dumping data for table `tblscore`
--

INSERT INTO `tblscore` (`ScoreID`, `LessonID`, `ExerciseID`, `StudentID`, `NoItems`, `Score`, `Submitted`, `Answer`) VALUES
(149, 0, 20254935, 7, 1, 0, 0, NULL),
(165, 0, 20251836, 7, 1, 1, 0, NULL),
(166, 0, 20252295, 7, 1, 1, 0, NULL),
(167, 0, 20252366, 7, 1, 1, 0, NULL),
(168, 0, 20252401, 7, 1, 1, 0, NULL),
(169, 0, 20252732, 7, 1, 1, 0, NULL),
(170, 15, 20251836, 7, 1, 1, 1, NULL),
(171, 15, 20252295, 7, 1, 1, 1, NULL),
(172, 15, 20252366, 7, 1, 1, 1, NULL),
(173, 15, 20252401, 7, 1, 1, 1, NULL),
(174, 15, 20252732, 7, 1, 1, 1, NULL),
(175, 0, 20251836, 8, 1, 0, 0, NULL),
(176, 0, 20252295, 8, 1, 0, 0, NULL),
(177, 0, 20252366, 8, 1, 1, 0, NULL),
(178, 0, 20252401, 8, 1, 0, 0, NULL),
(179, 0, 20252732, 8, 1, 0, 0, NULL),
(180, 15, 20251836, 8, 1, 0, 1, NULL),
(181, 15, 20252295, 8, 1, 0, 1, NULL),
(182, 15, 20252366, 8, 1, 1, 1, NULL),
(183, 15, 20252401, 8, 1, 0, 1, NULL),
(184, 15, 20252732, 8, 1, 0, 1, NULL);

-- --------------------------------------------------------

--
-- Table structure for table `tblstudent`
--

CREATE TABLE `tblstudent` (
  `StudentID` int(11) NOT NULL,
  `Fname` varchar(90) NOT NULL,
  `Lname` varchar(90) NOT NULL,
  `Address` varchar(90) NOT NULL,
  `MobileNo` varchar(90) NOT NULL,
  `STUDUSERNAME` varchar(90) NOT NULL,
  `STUDPASS` varchar(90) NOT NULL
) ENGINE=InnoDB DEFAULT CHARSET=latin1 COLLATE=latin1_swedish_ci;

--
-- Dumping data for table `tblstudent`
--

INSERT INTO `tblstudent` (`StudentID`, `Fname`, `Lname`, `Address`, `MobileNo`, `STUDUSERNAME`, `STUDPASS`) VALUES
(7, 'User', 'Demo', '', '', 'user', '12dea96fec20593566ab75692c9949596833adc9'),
(8, 'Khamko', 'xaiyasith', 'DonePhay, Sanamxai, Attapeu', '09876545678', 'khamko', '14c196cb7423b42e7e9a528ef038789dccb7a0c1');

-- --------------------------------------------------------

--
-- Table structure for table `tblstudentquestion`
--

CREATE TABLE `tblstudentquestion` (
  `SQID` int(11) NOT NULL,
  `ExerciseID` int(11) NOT NULL,
  `LessonID` int(11) NOT NULL,
  `StudentID` int(11) NOT NULL,
  `Question` varchar(90) NOT NULL,
  `CA` varchar(90) NOT NULL,
  `CB` varchar(90) NOT NULL,
  `CC` varchar(90) NOT NULL,
  `CD` varchar(90) NOT NULL,
  `QA` varchar(90) NOT NULL
) ENGINE=InnoDB DEFAULT CHARSET=latin1 COLLATE=latin1_swedish_ci;

--
-- Dumping data for table `tblstudentquestion`
--

INSERT INTO `tblstudentquestion` (`SQID`, `ExerciseID`, `LessonID`, `StudentID`, `Question`, `CA`, `CB`, `CC`, `CD`, `QA`) VALUES
(15, 20250027, 8, 7, 'Which Laravel feature provides an expressive, fluent interface for interacting with databa', 'Eloquent ORM', 'Blade Templating Engine', 'Artisan Console', 'Service Container', 'A'),
(16, 20250028, 8, 7, 'What is the primary purpose of Laravel\'s \'Artisan\' command-line tool?', 'To compile CSS and JavaScript assets.', 'To manage database migrations and generate boilerplate code.', 'To handle user authentication and authorization.', 'To optimize server performance and caching.', 'B'),
(17, 20250029, 8, 7, 'Which directory in a standard Laravel project typically holds view files?', 'app/', 'config/', 'resources/views/', 'routes/', 'C'),
(18, 20250030, 8, 7, 'Which of the following is NOT typically considered one of the \'Vs\' of Big Data?', 'Volume', 'Velocity', 'Veracity', 'Variety', 'E'),
(19, 20250031, 8, 7, 'What is the primary function of Hadoop Distributed File System (HDFS) in the Hadoop ecosys', 'Data processing and analysis', 'Resource management and job scheduling', 'Distributed storage of large datasets', 'Data visualization and reporting', 'C'),
(20, 20250032, 8, 7, 'Which of the following programming languages is commonly used for data analysis and statis', 'Java', 'C++', 'Python', 'Assembly', 'C'),
(21, 20250033, 8, 7, 'What is the term for the process of extracting valuable insights and knowledge from large ', 'Data Mining', 'Data Cleansing', 'Data Warehousing', 'Data Encryption', 'A'),
(22, 20250034, 8, 7, 'Which of the following is an example of a NoSQL database often used in Big Data environmen', 'MySQL', 'PostgreSQL', 'MongoDB', 'Oracle', 'C'),
(244, 20251836, 15, 7, 'Which Laravel feature provides a convenient, fluent interface for defining and running dat', 'Artisan Console', 'Eloquent ORM', 'Blade Templating Engine', 'Schema Builder', 'D'),
(245, 20252366, 15, 7, 'What is the primary purpose of Laravel\'s service container?', 'To manage HTTP requests and responses.', 'To handle database connections.', 'To manage class dependencies and perform dependency injection.', 'To compile Blade templates.', 'C'),
(246, 20252295, 15, 7, 'In Laravel, which of the following is the correct way to access the configuration value \'a', 'config(\'app_name\')', 'Config::get(\'app.name\')', 'env(\'APP_NAME\')', 'App::config(\'app.name\')', 'B'),
(247, 20252732, 15, 7, 'Which HTTP method is typically used when updating an existing resource in a RESTful API bu', 'GET', 'POST', 'PUT or PATCH', 'DELETE', 'C'),
(248, 20252401, 15, 7, 'What is the purpose of Laravel\'s \'middleware\'?', 'To define database migrations.', 'To filter HTTP requests entering your application.', 'To create Blade templates.', 'To handle queue jobs.', 'B');

-- --------------------------------------------------------

--
-- Table structure for table `tbltopics`
--

CREATE TABLE `tbltopics` (
  `TopicID` int(11) NOT NULL,
  `CategoryID` int(11) NOT NULL,
  `TopicName` varchar(100) NOT NULL,
  `TopicDescription` text DEFAULT NULL,
  `CreatedAt` datetime DEFAULT current_timestamp(),
  `IsActive` tinyint(1) DEFAULT 1
) ENGINE=InnoDB DEFAULT CHARSET=utf8mb4 COLLATE=utf8mb4_general_ci;

--
-- Dumping data for table `tbltopics`
--

INSERT INTO `tbltopics` (`TopicID`, `CategoryID`, `TopicName`, `TopicDescription`, `CreatedAt`, `IsActive`) VALUES
(1, 1, 'Artificial Intelligence', 'Câu hỏi về AI, Machine Learning, Deep Learning', '2025-10-25 04:37:26', 1),
(2, 1, 'Web Development', 'Câu hỏi về HTML, CSS, JavaScript, PHP', '2025-10-25 04:37:26', 1),
(3, 1, 'Database', 'Câu hỏi về SQL, MySQL, MongoDB', '2025-10-25 04:37:26', 1),
(4, 1, 'Programming Languages', 'Câu hỏi về Java, Python, C++, etc.', '2025-10-25 04:37:26', 1),
(5, 2, 'Physics', 'Câu hỏi về vật lý', '2025-10-25 04:37:26', 1),
(6, 2, 'Chemistry', 'Câu hỏi về hóa học', '2025-10-25 04:37:26', 1),
(7, 2, 'Biology', 'Câu hỏi về sinh học', '2025-10-25 04:37:26', 1),
(8, 3, 'Algebra', 'Câu hỏi về đại số', '2025-10-25 04:37:26', 1),
(9, 3, 'Geometry', 'Câu hỏi về hình học', '2025-10-25 04:37:26', 1),
(10, 3, 'Calculus', 'Câu hỏi về giải tích', '2025-10-25 04:37:26', 1),
(11, 4, 'Marketing', 'Câu hỏi về marketing', '2025-10-25 04:37:26', 1),
(12, 4, 'Management', 'Câu hỏi về quản lý', '2025-10-25 04:37:26', 1),
(13, 5, 'English', 'Câu hỏi tiếng Anh', '2025-10-25 04:37:26', 1),
(14, 5, 'Vietnamese Literature', 'Câu hỏi văn học Việt Nam', '2025-10-25 04:37:26', 1),
(15, 6, 'Laravel', NULL, '2025-10-26 08:32:46', 1);

-- --------------------------------------------------------

--
-- Table structure for table `tblusers`
--

CREATE TABLE `tblusers` (
  `USERID` int(11) NOT NULL,
  `NAME` varchar(90) NOT NULL,
  `UEMAIL` varchar(90) NOT NULL,
  `PASS` varchar(90) NOT NULL,
  `TYPE` varchar(30) NOT NULL
) ENGINE=InnoDB DEFAULT CHARSET=latin1 COLLATE=latin1_swedish_ci;

--
-- Dumping data for table `tblusers`
--

INSERT INTO `tblusers` (`USERID`, `NAME`, `UEMAIL`, `PASS`, `TYPE`) VALUES
(3, 'Administrator', 'admin', 'd033e22ae348aeb5660fc2140aec35850c4da997', 'Administrator');

--
-- Indexes for dumped tables
--

--
-- Indexes for table `tblautonumbers`
--
ALTER TABLE `tblautonumbers`
  ADD PRIMARY KEY (`AUTOID`);

--
-- Indexes for table `tblcategories`
--
ALTER TABLE `tblcategories`
  ADD PRIMARY KEY (`CategoryID`);

--
-- Indexes for table `tblcontent`
--
ALTER TABLE `tblcontent`
  ADD PRIMARY KEY (`ContentID`);

--
-- Indexes for table `tblexercise`
--
ALTER TABLE `tblexercise`
  ADD PRIMARY KEY (`ExerciseID`),
  ADD KEY `CategoryID` (`CategoryID`),
  ADD KEY `TopicID` (`TopicID`);

--
-- Indexes for table `tbllesson`
--
ALTER TABLE `tbllesson`
  ADD PRIMARY KEY (`LessonID`);

--
-- Indexes for table `tblscore`
--
ALTER TABLE `tblscore`
  ADD PRIMARY KEY (`ScoreID`);

--
-- Indexes for table `tblstudent`
--
ALTER TABLE `tblstudent`
  ADD PRIMARY KEY (`StudentID`) USING BTREE;

--
-- Indexes for table `tblstudentquestion`
--
ALTER TABLE `tblstudentquestion`
  ADD PRIMARY KEY (`SQID`);

--
-- Indexes for table `tbltopics`
--
ALTER TABLE `tbltopics`
  ADD PRIMARY KEY (`TopicID`),
  ADD KEY `CategoryID` (`CategoryID`);

--
-- Indexes for table `tblusers`
--
ALTER TABLE `tblusers`
  ADD PRIMARY KEY (`USERID`);

--
-- AUTO_INCREMENT for dumped tables
--

--
-- AUTO_INCREMENT for table `tblautonumbers`
--
ALTER TABLE `tblautonumbers`
  MODIFY `AUTOID` int(11) NOT NULL AUTO_INCREMENT, AUTO_INCREMENT=14;

--
-- AUTO_INCREMENT for table `tblcategories`
--
ALTER TABLE `tblcategories`
  MODIFY `CategoryID` int(11) NOT NULL AUTO_INCREMENT, AUTO_INCREMENT=7;

--
-- AUTO_INCREMENT for table `tblcontent`
--
ALTER TABLE `tblcontent`
  MODIFY `ContentID` int(11) NOT NULL AUTO_INCREMENT, AUTO_INCREMENT=9;

--
-- AUTO_INCREMENT for table `tblexercise`
--
ALTER TABLE `tblexercise`
  MODIFY `ExerciseID` int(11) NOT NULL AUTO_INCREMENT, AUTO_INCREMENT=20259891;

--
-- AUTO_INCREMENT for table `tbllesson`
--
ALTER TABLE `tbllesson`
  MODIFY `LessonID` int(11) NOT NULL AUTO_INCREMENT, AUTO_INCREMENT=9;

--
-- AUTO_INCREMENT for table `tblscore`
--
ALTER TABLE `tblscore`
  MODIFY `ScoreID` int(11) NOT NULL AUTO_INCREMENT, AUTO_INCREMENT=185;

--
-- AUTO_INCREMENT for table `tblstudent`
--
ALTER TABLE `tblstudent`
  MODIFY `StudentID` int(11) NOT NULL AUTO_INCREMENT, AUTO_INCREMENT=9;

--
-- AUTO_INCREMENT for table `tblstudentquestion`
--
ALTER TABLE `tblstudentquestion`
  MODIFY `SQID` int(11) NOT NULL AUTO_INCREMENT, AUTO_INCREMENT=249;

--
-- AUTO_INCREMENT for table `tbltopics`
--
ALTER TABLE `tbltopics`
  MODIFY `TopicID` int(11) NOT NULL AUTO_INCREMENT, AUTO_INCREMENT=16;

--
-- AUTO_INCREMENT for table `tblusers`
--
ALTER TABLE `tblusers`
  MODIFY `USERID` int(11) NOT NULL AUTO_INCREMENT, AUTO_INCREMENT=4;

--
-- Constraints for dumped tables
--

--
-- Constraints for table `tblexercise`
--
ALTER TABLE `tblexercise`
  ADD CONSTRAINT `tblexercise_ibfk_1` FOREIGN KEY (`CategoryID`) REFERENCES `tblcategories` (`CategoryID`) ON DELETE SET NULL,
  ADD CONSTRAINT `tblexercise_ibfk_2` FOREIGN KEY (`TopicID`) REFERENCES `tbltopics` (`TopicID`) ON DELETE SET NULL;

--
-- Constraints for table `tbltopics`
--
ALTER TABLE `tbltopics`
  ADD CONSTRAINT `tbltopics_ibfk_1` FOREIGN KEY (`CategoryID`) REFERENCES `tblcategories` (`CategoryID`) ON DELETE CASCADE;
COMMIT;

/*!40101 SET CHARACTER_SET_CLIENT=@OLD_CHARACTER_SET_CLIENT */;
/*!40101 SET CHARACTER_SET_RESULTS=@OLD_CHARACTER_SET_RESULTS */;
/*!40101 SET COLLATION_CONNECTION=@OLD_COLLATION_CONNECTION */;
